{"count":1,"gauges":{},"self":25.098527999999998,"total":42.8788785,"children":{"AgentResetIfDone":{"count":37134,"self":0.0940323,"total":0.0940323,"children":null},"AgentSendState":{"count":37134,"self":0.0749931,"total":0.2743453,"children":{"CollectObservations":{"count":3714,"self":0.19935219999999998,"total":0.19935219999999998,"children":null}}},"DecideAction":{"count":37134,"self":17.2068096,"total":17.249694599999998,"children":{"AgentInfo.ToProto":{"count":3714,"self":0.042885,"total":0.042885,"children":null}}},"AcademyStep":{"count":37134,"self":0.0386884,"total":0.0386884,"children":null},"AgentAct":{"count":37134,"self":0.1225923,"total":0.1225923,"children":null}}}