{"count":1,"gauges":{},"self":12.1509752,"total":12.2455423,"children":{"AgentResetIfDone":{"count":592,"self":0.013911499999999999,"total":0.013911499999999999,"children":null},"AgentSendState":{"count":592,"self":0.0119688,"total":0.0199839,"children":{"CollectObservations":{"count":960,"self":0.008015099999999999,"total":0.008015099999999999,"children":null}}},"DecideAction":{"count":592,"self":0.0217888,"total":0.0217888,"children":null},"AcademyStep":{"count":592,"self":0.005991,"total":0.005991,"children":null},"AgentAct":{"count":592,"self":0.031893899999999996,"total":0.031893899999999996,"children":null}}}