{"count":1,"gauges":{},"self":823.6761088,"total":1851.9675042,"children":{"AgentResetIfDone":{"count":876967,"self":9.4656127999999988,"total":9.4656132,"children":null},"AgentSendState":{"count":876967,"self":13.342315999999999,"total":16.4848484,"children":{"CollectObservations":{"count":292323,"self":3.1425324,"total":3.1425324999999997,"children":null}}},"DecideAction":{"count":876967,"self":978.8616704,"total":986.4604946,"children":{"AgentInfo.ToProto":{"count":292323,"self":7.5988472,"total":7.5988469999999992,"children":null}}},"AcademyStep":{"count":876967,"self":4.7287932,"total":4.7287932999999995,"children":null},"AgentAct":{"count":876967,"self":11.1506288,"total":11.1506292,"children":null}}}