{"count":1,"gauges":{},"self":3716.49536,"total":6387.1606702,"children":{"AgentResetIfDone":{"count":2338267,"self":29.1780288,"total":29.1780272,"children":null},"AgentSendState":{"count":2338267,"self":81.2154752,"total":123.17581,"children":{"CollectObservations":{"count":4208886,"self":41.960332799999996,"total":41.9603325,"children":null}}},"DecideAction":{"count":2338267,"self":2369.202176,"total":2405.0168608999998,"children":{"AgentInfo.ToProto":{"count":467654,"self":35.8147488,"total":35.8147503,"children":null}}},"AcademyStep":{"count":2338267,"self":14.2727232,"total":14.272722499999999,"children":null},"AgentAct":{"count":2338267,"self":99.0210688,"total":99.0210656,"children":null}}}