{"count":1,"gauges":{},"self":2233.8172928,"total":4361.8934770999995,"children":{"AgentResetIfDone":{"count":1852001,"self":22.793174399999998,"total":22.793174399999998,"children":null},"AgentSendState":{"count":1852001,"self":64.8292096,"total":99.0846246,"children":{"CollectObservations":{"count":3333609,"self":34.2554112,"total":34.255412299999996,"children":null}}},"DecideAction":{"count":1852001,"self":1868.6717952,"total":1897.6821717,"children":{"AgentInfo.ToProto":{"count":370401,"self":29.01032,"total":29.0103194,"children":null}}},"AcademyStep":{"count":1852001,"self":11.255835999999999,"total":11.2558359,"children":null},"AgentAct":{"count":1852001,"self":97.259328,"total":97.2593291,"children":null}}}