{"count":1,"gauges":{},"self":6458.4396799999995,"total":10126.4154422,"children":{"AgentResetIfDone":{"count":2648767,"self":37.793497599999995,"total":37.793498299999996,"children":null},"AgentSendState":{"count":2648767,"self":115.5257216,"total":175.9591211,"children":{"CollectObservations":{"count":4767786,"self":60.4333952,"total":60.4333957,"children":null}}},"DecideAction":{"count":2648767,"self":3237.9004928,"total":3289.6256531999998,"children":{"AgentInfo.ToProto":{"count":529754,"self":51.7252096,"total":51.725207999999995,"children":null}}},"AcademyStep":{"count":2648767,"self":19.476771199999998,"total":19.476771499999998,"children":null},"AgentAct":{"count":2648767,"self":145.1189248,"total":145.118921,"children":null}}}