{"count":1,"gauges":{},"self":30.6535232,"total":31.636674,"children":{"AgentResetIfDone":{"count":1562,"self":0.0219011,"total":0.0219011,"children":null},"AgentSendState":{"count":1562,"self":0.012968799999999999,"total":0.019892399999999998,"children":{"CollectObservations":{"count":313,"self":0.0069235999999999994,"total":0.0069235999999999994,"children":null}}},"DecideAction":{"count":1562,"self":0.0208041,"total":0.0208041,"children":null},"AcademyStep":{"count":1562,"self":0.0099784,"total":0.0099784,"children":null},"AgentAct":{"count":1562,"self":0.90957979999999994,"total":0.90957979999999994,"children":null}}}