{"count":1,"gauges":{},"self":2985.1301888,"total":5071.5757422,"children":{"AgentResetIfDone":{"count":1843067,"self":22.2047168,"total":22.204717,"children":null},"AgentSendState":{"count":1843067,"self":62.164576,"total":94.3138828,"children":{"CollectObservations":{"count":3317526,"self":32.1493056,"total":32.1493043,"children":null}}},"DecideAction":{"count":1843067,"self":1836.5003775999999,"total":1864.3337135,"children":{"AgentInfo.ToProto":{"count":368614,"self":27.8333184,"total":27.8333199,"children":null}}},"AcademyStep":{"count":1843067,"self":10.8224,"total":10.8224001,"children":null},"AgentAct":{"count":1843067,"self":94.769785599999992,"total":94.7697831,"children":null}}}