{"count":1,"gauges":{},"self":1013.0581503999999,"total":2217.1778421999998,"children":{"AgentResetIfDone":{"count":1054001,"self":12.4545792,"total":12.454579299999999,"children":null},"AgentSendState":{"count":1054001,"self":36.5487296,"total":56.0744367,"children":{"CollectObservations":{"count":1897209,"self":19.5257072,"total":19.5257068,"children":null}}},"DecideAction":{"count":1054001,"self":1057.3305856,"total":1073.6718842,"children":{"AgentInfo.ToProto":{"count":210801,"self":16.341340799999998,"total":16.3413415,"children":null}}},"AcademyStep":{"count":1054001,"self":6.228704,"total":6.2287042,"children":null},"AgentAct":{"count":1054001,"self":55.689056,"total":55.6890532,"children":null}}}