{"count":1,"gauges":{},"self":5079.7903872,"total":7719.2646617,"children":{"AgentResetIfDone":{"count":3087934,"self":40.1079456,"total":40.1079465,"children":null},"AgentSendState":{"count":3087934,"self":101.2088256,"total":153.05484389999998,"children":{"CollectObservations":{"count":4940704,"self":51.846016,"total":51.8460159,"children":null}}},"DecideAction":{"count":3087934,"self":2184.6900736,"total":2225.9804703,"children":{"AgentInfo.ToProto":{"count":308794,"self":41.2903808,"total":41.290381599999996,"children":null}}},"AcademyStep":{"count":3087934,"self":19.7077664,"total":19.7077666,"children":null},"AgentAct":{"count":3087934,"self":200.6203392,"total":200.6203381,"children":null}}}