{"count":1,"gauges":{},"self":30.845801599999998,"total":31.980801099999997,"children":{"AgentResetIfDone":{"count":1586,"self":0.0304642,"total":0.0304642,"children":null},"AgentSendState":{"count":1586,"self":0.041968599999999995,"total":1.0422076,"children":{"CollectObservations":{"count":1586,"self":1.0002389999999999,"total":1.0002389999999999,"children":null}}},"DecideAction":{"count":1586,"self":0.0276408,"total":0.0276408,"children":null},"AcademyStep":{"count":1586,"self":0.0119032,"total":0.0119032,"children":null},"AgentAct":{"count":1586,"self":0.021782299999999997,"total":0.021782299999999997,"children":null}}}