{"count":1,"gauges":{},"self":8395.395072,"total":12727.9747704,"children":{"AgentResetIfDone":{"count":3843167,"self":46.7434592,"total":46.743457899999996,"children":null},"AgentSendState":{"count":3843167,"self":130.4949888,"total":196.7067734,"children":{"CollectObservations":{"count":6917706,"self":66.2117888,"total":66.2117883,"children":null}}},"DecideAction":{"count":3843167,"self":3833.0462208,"total":3890.7266376999996,"children":{"AgentInfo.ToProto":{"count":768634,"self":57.680448,"total":57.6804506,"children":null}}},"AcademyStep":{"count":3843167,"self":23.102231999999997,"total":23.1022327,"children":null},"AgentAct":{"count":3843167,"self":175.2991872,"total":175.299192,"children":null}}}