{"count":1,"gauges":{},"self":41.9251552,"total":48.149795399999995,"children":{"AgentResetIfDone":{"count":2390,"self":0.0397616,"total":0.0397616,"children":null},"AgentSendState":{"count":2390,"self":0.2443757,"total":5.3055677999999995,"children":{"CollectObservations":{"count":15296,"self":5.061192,"total":5.0611920999999995,"children":null}}},"DecideAction":{"count":2390,"self":0.1445367,"total":0.1445367,"children":null},"AcademyStep":{"count":2390,"self":0.018934899999999998,"total":0.018934899999999998,"children":null},"AgentAct":{"count":2390,"self":0.71484079999999994,"total":0.71484079999999994,"children":null}}}