{"count":1,"gauges":{},"self":4.1777328,"total":4.2044711999999995,"children":{"AgentResetIfDone":{"count":193,"self":0.0019232,"total":0.0019232,"children":null},"AgentSendState":{"count":193,"self":0.0040267,"total":0.008973,"children":{"CollectObservations":{"count":351,"self":0.0049463,"total":0.0049463,"children":null}}},"DecideAction":{"count":193,"self":0.001999,"total":0.001999,"children":null},"AcademyStep":{"count":193,"self":0.0029538999999999998,"total":0.0029538999999999998,"children":null},"AgentAct":{"count":193,"self":0.0098911,"total":0.0098911,"children":null}}}