{"count":1,"gauges":{},"self":90.360416,"total":91.1219435,"children":{"AgentResetIfDone":{"count":4541,"self":0.076454,"total":0.076454,"children":null},"AgentSendState":{"count":4541,"self":0.10746059999999999,"total":0.1906366,"children":{"CollectObservations":{"count":7280,"self":0.083176,"total":0.083176,"children":null}}},"DecideAction":{"count":4541,"self":0.1075382,"total":0.1075382,"children":null},"AcademyStep":{"count":4541,"self":0.029939399999999998,"total":0.029939399999999998,"children":null},"AgentAct":{"count":4541,"self":0.3559612,"total":0.3559612,"children":null}}}