{"count":1,"gauges":{},"self":7.2119176,"total":13.4886217,"children":{"AgentResetIfDone":{"count":5384,"self":0.0651625,"total":0.0651625,"children":null},"AgentSendState":{"count":5384,"self":0.1776973,"total":0.2832928,"children":{"CollectObservations":{"count":9693,"self":0.1055955,"total":0.1055955,"children":null}}},"DecideAction":{"count":5384,"self":5.5412295999999994,"total":5.6196198,"children":{"AgentInfo.ToProto":{"count":1077,"self":0.0783902,"total":0.0783902,"children":null}}},"AcademyStep":{"count":5384,"self":0.0269766,"total":0.0269766,"children":null},"AgentAct":{"count":5384,"self":0.2806549,"total":0.2806549,"children":null}}}