{"count":1,"gauges":{},"self":64.7090688,"total":65.228003399999992,"children":{"AgentResetIfDone":{"count":3243,"self":0.0524481,"total":0.0524481,"children":null},"AgentSendState":{"count":3243,"self":0.112244,"total":0.18877249999999998,"children":{"CollectObservations":{"count":5841,"self":0.0765285,"total":0.0765285,"children":null}}},"DecideAction":{"count":3243,"self":0.046769399999999996,"total":0.046769399999999996,"children":null},"AcademyStep":{"count":3243,"self":0.0289466,"total":0.0289466,"children":null},"AgentAct":{"count":3243,"self":0.201002,"total":0.201002,"children":null}}}