{"count":1,"gauges":{},"self":78.87312,"total":79.503626099999991,"children":{"AgentResetIfDone":{"count":3956,"self":0.0857617,"total":0.0857617,"children":null},"AgentSendState":{"count":3956,"self":0.0838831,"total":0.1446855,"children":{"CollectObservations":{"count":6336,"self":0.0608024,"total":0.0608024,"children":null}}},"DecideAction":{"count":3956,"self":0.11625049999999999,"total":0.11625049999999999,"children":null},"AcademyStep":{"count":3956,"self":0.0289209,"total":0.0289209,"children":null},"AgentAct":{"count":3956,"self":0.2538884,"total":0.2538884,"children":null}}}