{"count":1,"gauges":{},"self":21.810952,"total":35.943284399999996,"children":{"AgentResetIfDone":{"count":18284,"self":0.23591659999999998,"total":0.23591659999999998,"children":null},"AgentSendState":{"count":18284,"self":0.5461448,"total":0.8018105,"children":{"CollectObservations":{"count":29264,"self":0.2556657,"total":0.2556657,"children":null}}},"DecideAction":{"count":18284,"self":11.9498904,"total":12.1229789,"children":{"AgentInfo.ToProto":{"count":1829,"self":0.17308859999999998,"total":0.17308859999999998,"children":null}}},"AcademyStep":{"count":18284,"self":0.1110631,"total":0.1110631,"children":null},"AgentAct":{"count":18284,"self":0.8595655,"total":0.8595655,"children":null}}}