{"count":1,"gauges":{},"self":52.545164799999995,"total":52.8912304,"children":{"AgentResetIfDone":{"count":2628,"self":0.0349729,"total":0.0349729,"children":null},"AgentSendState":{"count":2628,"self":0.021831,"total":0.19380509999999998,"children":{"CollectObservations":{"count":263,"self":0.1719741,"total":0.1719741,"children":null}}},"DecideAction":{"count":2628,"self":0.0309042,"total":0.0309042,"children":null},"AcademyStep":{"count":2628,"self":0.0208778,"total":0.0208778,"children":null},"AgentAct":{"count":2628,"self":0.0645047,"total":0.0645047,"children":null}}}