{"count":1,"gauges":{},"self":22.4190976,"total":22.5914347,"children":{"AgentResetIfDone":{"count":1114,"self":0.020929899999999998,"total":0.020929899999999998,"children":null},"AgentSendState":{"count":1114,"self":0.0298549,"total":0.0585182,"children":{"CollectObservations":{"count":2007,"self":0.0286633,"total":0.0286633,"children":null}}},"DecideAction":{"count":1114,"self":0.0295611,"total":0.0295611,"children":null},"AcademyStep":{"count":1114,"self":0.0089838,"total":0.0089838,"children":null},"AgentAct":{"count":1114,"self":0.0533467,"total":0.0533467,"children":null}}}